,tweet;Label
116,Restrukturisasi Polis Asuransi Jiwasraya Memakai Cara Mudah Diawali potong Liabilities Sebesar 40 kemudian Nasabah Pilih Potong 29atau31 sisa diangsur 5 Tahun tanpabunga Nasabah Saving Plan For      ;
117,haembohh sak karepmu dewe;
118,Dari sini saya sadar seproblematik2nya dan se banyak2nya haters JokowiAhokAnies mereka ber3 masih jauh lbh open minded dan bagus jadi gubernur ;
120,saya optimis Papua bisa mempertahankan prestasi di PON kemarin bila Pemerintah Papua segera memberikan dukungan anggaran untuk bisa tampil pada Pra PON  ;
121,Jokowi tinggal terbitin perppu selesai tu masalah;
122,Presiden RI Joko Widodo Jokowi resmi membuka Paviliun Indonesia dalam acara pameran teknologi Hannover Messe 2023 pada hari ini  ;
125,anda luarrrrrrrr biaaaaaassssaaaaa NgLnya   Lupa klo beliau simbol negara   ;
126,Dari ketumnya gk bener  Anak buah juga gk bener;
127,Permainan Licik Kepala Bea Cukai Manado Harus di tindak tegas pejabat yg sprti ini beacukai beacukaimanado kemenkeu dirjenbeacukai srimulyani    Jokowi   ;
128,Ekonomi Sulit Jokowi Sebut Indonesia Tetap Terang  ;
129,Istana Luruskan Pernyataan Jokowi soal Tutup PLTU Batu Bara di 2025  ;
130,Permainan Licik Kepala Bea Cukai Manado Harus di tindak tegas pejabat yg sprti ini beacukai beacukaimanado kemenkeu dirjenbeacukai srimulyani    Jokowi   ;
131,Permainan Licik Kepala Bea Cukai Manado Harus di tindak tegas pejabat yg sprti ini beacukai beacukaimanado kemenkeu dirjenbeacukai srimulyani    Jokowi   ;
132,Klo soal budaya jadi rindu zaman Soeharto dan sebelumnya Pak         budaya kita meredup termasuk tariÂ²an tradisional Tidak sedih pak  ;
133,Jilat terusss Khas tempurung isi TAI doang;
134,Dulu  pernah katakan Papua butuh didengarkan Itu alasannya rajin ke Papua Ternyata hanya pelesiran sambil buka jalan untuk oligarki Seruan orang Papua tidak didengar hasil penelitian diabaikan Jalan keluar tetap senjata;
135,Orang kenyang ya anteng Coba jaman orba dia kenyang gk bakal berisik;
136,Ngomong pake bahasa apa pak ;
137,bagus meme jokowi yang memberi dislike itu;
138,Lo yggila drun 7 tahun lebih mikirin jokowi jd bego ky babi;
139,Ingatkan Jokowi Lengser Keprabon Prof Amien Rais Senggol Gibran bin Jokowi dan Kaesang bin Jokowi dalam Kasus Gratifikasi  ;
140,Prabowo Capres Favorit MusraPROJO   Pilihnya Fokus Kerja Daripada Terlena   Mereka yang memilih selain prabowo adalah mereka 2 kelompok Antitesa Jokowi yang menolak persatuannasional  prabowopresiden2024 ikutpakde  Prabowo Subianto     ;
141,yang dibangun Jalan Tol melulu ;
142,gue gasuka bgt sm org2 kayak gini lupa kan sibuknya ngalahin jokowi;
143,Dogma kacung manusia Gurun agama biadab                   ;
144,Dogma kacung manusia Gurun agama biadab                   ;
145,disindir min;
147,Kita bicara ttg supporter dia koq nyiyirin kebencian pada Jokowitahetahe;
148,lebih2 gak malu sama pak jokowi coba bayangkan saja pak jokowi lebih mencintai sepatu produksi dlm negeri padahal kita tau pak jokowi adalah orang nmr wahid di negri ini;
149,bang sy usul  kumpulin data2 hasil kerja Jokowi sjk awal dan buat konten khusus al catatan sy bubarkan petral yg dipelihara rezim lama stop subsidi BBM 300t tiap tahun dll;
150,Inilah Hasil Pertemuan Bilateral Antara Jokowi dan Kanselir Jerman Olaf Scholz  ;
151,Pada Pembukaan Hannover Messe 2023 Jerman Jokowi Tegaskan Indonesia Terbuka Untuk Investasi  ;
152,Jalan di Lampung Rusak Nggak Karuan Rocky Singgung Jokowi Sibuk Bangun Tol Jalan Kecil Nggak Dibangun  ;
153,SOK TAU BEBAL BGT DIBILANGIN;
154,Seandainya menhukhamnya bukan dari partai bantenggw yakin kok pasti udah direshuffe pak Jokowi ;
155,Sekalian aja LBP jadiin perdana menteri aja jangan nanggung;
156,Pak  bersama dgn Presiden   ;
157,Tepat  Tangkap Dalang yg gerakkan massa  Di 62 dibalik tiap amuk massa sll ada tokoh politiknya Polri tau persis hal tsb  Prtanyaan Kapan Polri Mulai Mnjalankan Pnegakan Hukum 100 diNKRI  Knp selalu 20 aja          ;
158,Panggil luhut dan jokowi ke parlemen pak Percuma klo cuma ngemenk doank di media;
159,KONI Papua selaku organisasi pembinaan olahraga di Papua sampai saat ini belum mendapatkan suntikan dana dari Pemerintah Provinsi Papua  ;
160,Coba kalau Nikel dikuasa Amrik dia akan diam Seribu bahasa Emas dan minyak bumi dikuasai Amrik kok ngak pernah koar2 Kok jadi anjing nya Amrik  ;
161,Colek juga DPRD nyakok mingkem aja;
162,gileeeee bener bener deh  ;
163,Kalau mau dihitung hasil search google sudah ada 21 lembaga survey termasuk LSI yang unggulkan prabowo  Sementara Gubernur ANTITESA JOKOWI cuma punya 5 lembaga survei   Alangkah sangat menderita bila mereka akhirnya TAK BISA BAYAR SEWA SURVEI  KETIKA YG DIUMUMKAN ADALAH PUAN  ;
164,Bukannya prihatinjustru si Nicho ini makin memprovokasiKlu org2 yg berotak ternak bgni makin banyak di NKRI hancurlah negeri ini;
165,Then Tol Jokowi Now;
166,Pak Jokowi malah menikmati pedestrian di Jerman gila ndak;
167,Pak nyuwun sewu badhe tanglet Mas e ingkang sisih kiwo niku sinten asmane;
168,Sebagai penonton peserta ;
169,Apa ga takut ditelfon oleh pak gubernur;
170,Pak Jokowi lihat ini generasi muda negara kita;
171,Dogma kacung manusia Gurun agama biadab                   ;
172,Presiden Setelah Jokowi Diminta Bawa Masalah Kereta Cepat ke Pengadilan  ;
173,Sukak foto ini;
174,Setuju banget sama komenmu Sob;
175,Sambutan Presiden Jokowi pada Pembukaan Hannover Messe 2023 Making Indonesia 40 Hilirisasi Hannover 17 April 2023  ğ—ğ—¼ğ—¸ğ—¼ğ˜„ğ—¶ ğ—šğ—®ğ˜€ ğ—£ğ—¼ğ—¹ ğ—œğ—»ğ˜ƒğ—²ğ˜€ğ˜ğ—®ğ˜€ğ—¶  ;
176,Pada sore hari Presiden Jokowi diagendakan untuk melaksanakan pertemuan bisnis dengan beberapa perusahaan Jerman Setelahnya Presiden didampingi Ibu Iriana akan menuju Balai Kota Hannover untuk menandatangani State Capital Golden Book  ;
177,Menemani Presiden Jokowi di Jerman Pak Prabowo sempat menemui mahasiswa Indonesia dan beliau asik ngomong bahasa Jerman dengan mahasiswamahasiswai itu jokowi jokowidodo jerman prabowo prabowosubianto dekade08 mendingprabowo terusmajubersamaprabowo  ;
178,Pak presiden ini sudah H4 lebaran tapi bansos bpnt yg bapak katakan akan segera cair kok belim cair cair gimna pak Kami sudah menunggu lama Sejak di berbagai medsos rami di bincangkan dan ada berita akan cair sblm lebaran;
179,Jadi pengen tau isi pidatonya kiraÂ² pake bahasa apa yaa;
180,Mohon dikabulin aja ya pak jokowi dari dana mana aja saya siap terima;
181,Presiden tampak menikmati kegiatan jalan paginya di tengah udara sejuk musim semi Dalam perjalanannya Presiden Jokowi melihat beberapa masyarakat Indonesia dan langsung menyapa mereka Tidak berlangsung lama Presiden kemudian kembali ke hotel tempatnya bermalam  ;
182,Sekitar pukul 1040 waktu setempat WS atau 1540 WIB Presiden Jokowi tampak berjalan keluar dari hotel didampingi Menteri BUMN Erick Thohir Menteri InvestasiKepala BKPM Bahlil Lahadalia Sekretaris Kabinet Pramono Anung dan Duta Besar RI untuk Jerman Arif Havas Oegroseno  ;
183,Seumur umur dengar perbedaan pas jatuh hari rayahanya diera   Soal ijin tempat aja ribut;
184,Fans Pak  ada dimana2;
185,Ini lagilebih begoargument kaya begitu cerdas dikit seh dekkasian yg bayar keliatan bodohnya;
186,Tenggelam bersama jokowi wkwkwkwk;
187,teman saya ulang tahun pak hadiahi 1 unit perumahan dong;
188,Yah elah ujung2nya ITE ujung2nya sara isi kritiknya yaudah aja nguap  Biasanya pak  cepet nih nanggepin yg beginian;
189,Ini nih hasil kerjaannya  dan ;
190,mas  dhani once pernah menyanyikan lagu dewa19 2019 di kampanye jokowi maruf;
191,Pak tolong KEPALA DAERAH yg MELARANG LAPANGAN akan dgunakan utk sholat iedul fitri WARGA MUHAMMADIYAH tgl 210423 mohon DIJEWER KUPINGNYA;
192,Kemungkinan besar  China mulai berpikir tentang Rezim Jokowi dan bisa jadi permintaan China tersebut adalah Perintah agar Pemerintah menerbitkan Perppu tentang  Urgensi KCJB yang diBackup APBN agar Pemerintah Baru wajib menyelesaikan proyek KCJB seperti halnya IKN hening;
193,GakAdaUrusan Usia_Biologis bisa saja lama Usia mental_pikun Pura2_LingLung  Yg teken kan  amp LBP nya PembantuNya  Kasus Sambo  di Vonis Mati Pembantu2Nya ya nggak lah;
194,Indonesia baru angan2 orang jerman sudah menjualanya Kira2 teknologi apa yang dipamerkan jokowi di Jerman;
195,Klu barang2 mewah keluarga Jokowi gk loe bahas jg;
196,Pendukung kebo cikeas ngamuk;
197,FULL Jokowi di Pembukaan Hannover Messe 2023 Indonesia Terbuka Kerja Sama dan Investasi  ;
198,Kan punya catatan Kalau yg didukung Jokowi dia tk mw  dukung;
199,Gus Muhaimin  tak pernah lelah mengawal amanat  rakyat Tuhan tak pernah tidur Segala ikhtiar tak akan siasia Insya Allah panjenengan penerus Jokowi;
200,yakin cuma jokowi Bapak tau g jaman SBY spt apmau sy beberin fakta nanti kagetbedany dulu g keekspos krn medsos g semasif skrgsudahlahpercuma klo Bapak subjektif   guna byeee;
201,Di Era Jokowi Korupsi dan Pencucian Uang Diluar Kendali  ;
202,Karena mereka adalah jamaah Salawi salahkan Jokowi ;
203,Sudah merapat ke jokowi tapi masih di diskriminasi mendingan jadi oposisi jelas hitam putihnya jelas manfaatnya;
204,Klo PDIP menolak gmn pak Klo kata rizal ramli pake perpu aja beres klo ke dpr dulu paling cuma diputer2 doank jokowi cuci tangan  Sudahlah hentikan semua omong kosong ini;
205,Kkuatan Polri cukup utk menangkap mrk  Jd jgn pake Narasi Tdk Trukur spt itu  Tangkap Adili sesuai Peraturan yg Brlaku di NKRI  Jgn takut Khilangan Jbatan  Lemah                  ;
206,Mungkin banyak titipan anggota DPR di Timbuktu yang jadi honorer Kalo  kita sih ga ada semua bersih  ;
207,Perlu volume TOA suci ga                   ;
208,Presiden  menyampaikan sambutan di acara pembukaan Hannover Messe 2023 di Hannover Congress Centrum  Indonesia hadir sebagai negara mitra pameran industri terbesar di Eropa untuk tahun 2023 ini  IndonesiaMaju  ;
209,emang pantas jadi penerus bapak Jokowi   Ganjar RelawanGanjar RelawanGanjarPranowo JawaTengah JatengGayeng PakGanjar MasGanjar GanjarPresiden  ;
210,Senang banget tapi antrenya Pak Tapi senang banget saya alhamdulillah ujar Nenah  Nenah mengatakan akan menggunakan paket sembako tersebut untuk kebutuhan seharihari Ia pun menyampaikan ucapan terima kasih kepada Presiden Jokowi atas bantuan yang diberikan  ;
211,Tolong besokÂ² sewa GBK biar ga ceept ludes tiketnya masa kalah sama blackpink ;
212,Ngomong kok boong mulu Bahkan ada 11rb triliun di kantongnya ngapain kwatir masih ada 11rb tririun nganggur di kantong;
213,Sambil melihat distribusi sembako Presiden Jokowi turut menyapa masyarakat yang sedang mengantre dan memberikan amplop untuk beberapa masyarakat Nenah salah seorang warga yang mendapatkan bantuan mengaku sangat senang meski harus mengantre lama  ;
214,Pulang dari Jerman saya tunggu di desa saya Pak Kita ngobrol soal masa depan Indonesia;
215,tanya jokowi dong;
216,JokowiLuhutBiangkerok  DPRPelindungKoruptor;
217,Untuk menggenjot pencegahan korupsi dan penanganan pengaduan di Desa Daerah Tertinggal dan Transmigrasi Kemendes PDTT menggandeng Komisi Pemberantasan Korupsi KPK DanaDesa2023       ;
218,Presiden Joko Widodo dan Ibu Iriana  tiba di Town Hall Hannover pada Minggu 16 April 2023  disambut langsung oleh Wali Kota Hannover Belit Onay beserta istri Derya Onay Pada kesempatan tersebut Wali Kota Hannover memperlihatkan diorama kota Hannover kepada Presiden Jokowi  ;
219,Insya Allah niat baik bapak menghantarkan bapak pula menjadi Presiden Indonesia Sudah saatnya pak sudah terlalu lama;
220,Kelakuan gerombolan khilafuck                   ;
221,Yesss banget;
222,Percuma cak jelasin ke dia;
223,Memangkatan Bae pak  Dari atas sampe bawah pak pantau dong APBN di Lampung contohnya yg sekarang lagi rame;
224,Presiden Joko Widodo dan Ibu Iriana  tiba di Town Hall Hannover pada Minggu 16 April 2023  disambut langsung oleh Wali Kota Hannover Belit Onay beserta istri Derya Onay Pada kesempatan tersebut Wali Kota Hannover memperlihatkan diorama kota Hannover kepada Presiden Jokowi  ;
226,Pokoknya pak ganjar gada lawan deh;
227,Dimana ada kalimat Sy bilang Pak Jokowi Penghianat kamu yg menyimpulkan  Malam;
228,Cuma terjadi di Rezim ;
229,New info Malam ini jam 6 30 tergelincir pesawat Boeing TNI angkatan Udara mendarat di bandara Moses kilangin Timika tujuan dari jakarta ke Timika      ;
230,Apel Operasi Ketupat Kapolri DiwantiWanti Jokowi soal Pengamanan 1238 Juta Pemudik  ;
231,Setiap kepala daerah di republik ini di duga kuat Pasti melakukan Korupsi Hanya saja potensinya besar  tidak kecil atau besar Kalau gubernur lampung ini di periksa oleh  atas dugaan korupsi Insyaallah habis lebaran bisa sekolah di rutan KPK Gmn Prof  ;
232,Akibat Ulah PJ Gubernur penunjukkan Jokowi kerjanya hanya MERUSAK Hasil Pembangunan Gubernur Pilihan Warga Jakarta yg sgt Bermanfaat utk Warga Jakarta Dasar Amatiran;
233,Jokowi Bertemu Kanselir Jerman Olaf Scholz Bahas Hubungan Ekonomi dan Investasi   ;
236,Maaf gagal fokus tidak nampak gadget di meja si bule Masih menggunakan kertas untuk nyatet  Bravo presiden Jokowi atas masuknya investasi di Indonesia;
237,Kayaknya taon depan bs turun lg rasionya  Kemarin kan baru pengurangan lg sama Pak jokowi  Trus katanya hutangnya udah nda mayoritas dalam usd ya Bener nda sih;
238,Elektabilitas pak ganjar ttp tettinggi si;
239,orang indonesia gampang dialihin perhatiannya kasih isu lampung atau isu isu sampah kecilan trus lupa kasus 300 triliyun sri mulyani sama kereta cepat cinanya luhut yg minta APBD jadi jaminan apbd luhut srimulyani china IkN jokowi kadrun cebong;
240,Baguslah biar mereka pada nyahoPresident kita   Tidak meninggalkan hutang sesenpun selama masa menjabat adapun yg tersisa adalah hutanghutang mantan president sebelumnya;
241,Dogma kacung manusia Gurun agama biadab                   ;
242,Dogma kacung manusia Gurun agama biadab                   ;
243,Dogma kacung manusia Gurun agama biadab                   ;
244,UpUpUpbiar segera  di tuntaskan;
245,Jelas krn tendernya salah satu d dapat pt agrinas yg baru berdiri th 2020 yg d kuasai lingkaran prabowo jd yg punya proyek jokowi dn prabowo pemenang tender pt baru d bawah naungan prabowo cs;
246,Lah coba deh lihat pak jokowi tiap hari di caci maki hina mulai nama Bintang dajjal firaun tapi beliau woles ae;
247,Itu bikinan kadrun yg putus asa mau nurunin jokowi dari 2014 ga kesampean;
248,Ngak sekalian sampai kiamat aja Pak Biar Kakak besarnya lebih leluasa mendapat keuntungan  Adik yg baik yg memfasilitasi usaha kakak besarnya  Benarkan    Pak Presiden ;
249,Sehat selalu pak Jokowi dan Bu Iriana;
250,Presiden Jokowi meresmikan Paviliun Indonesia di Hannover Messe 2023  ;
251,Pasti lah  mereka g bego  kekayaan alam Papua yg mereka incar tp rakyat Papua di bego Pemda sampai skrg masih tertinggal Kalau bukan Jokowi entah sampai kpn Papua tertinggal;
252,Ketum PSSI  kembali menegaskan tidak adanya tindakan diskriminatif kepada para pemain naturalisasi Menurutnya pemainÂ² tsb merupakan bagian dari Indonesia  Hal ini menjadi sikap dalam menghargai proses dan niat para pemain naturalisasi tsb GueBarengErickThohir  ;
253,Presiden Jokowi mengajak Jerman berinvestasi di tiga sektor prioritas  ;
254,Akibat Ulah PJ Gubernur hasil Penunjukkan Jokowi yg hanya Merusak hasil Pembangunan Gubernur Pilihan Rakyat Jakarta Dasar Amatiran  ;
255,Berdasarkan simulasi semi terbuka 13 nama yg disodorkan kepada publik Jawa Timur Elektabilitas  semakin berkibar di bursa capres 2024 Menurut hasil survei regional terbaru Indopol nama Menteri BUMN itu tembus 5 besar capres pilihan publik Jatim BangkitBersamaET  ;
256,Momen Jokowi Resmikan Paviliun Indonesia di Hannover Messe  ;
258,Pak   ini di  kayaknya mesti diambil alih aja pemeliharaan jln nya Kasihan warganya Ada yg mengeluh eh ortunya di maki2   ;
259,Pada anteng anteng nih   sama  juga kaga niat selidiki Penggunaan Anggaran Lampung apa ya   Pedahal Pejabatnya pada Flexing Hedon di medsos;
260,Baru di era  Pak Jokowi  Jepang ndak dapat cuan yang gede ;
261,BRAVO pak Jokowi my Presiden;
262,Pak Jokowi sll membawa nm harum Indonesia  ;
263,Perlu volume TOA suci ga                   ;
264,Sejak baca tweet loegue baru tau ANJING pinter nge tweet;
265,Ini harus di usut tuntas nih oleh   soalnya tindakannya sudah menyalahi aturan n berkelit Dmn belanja apbd besar tp realita nya pembangunan jalan j g bener tolong di periksalah pejabat2 bgni yg da korupsi mulu yg tinggi di negri ini ;
266,Jangan dunks  Pake Baju Orens aja lebih Ganteng dia;
267,Jokowi sama pak erik tohir ngga kenal kau;
268,Petugas partai bisa apa ;
269,VOA This Evening Kasus COVID19 Naik Lagi Jokowi Ingatkan Masyarakat Segera Dapatkan Booster Vaksin   ;
270,Sehat selalu pak Jokowi ;
271,Gak malu ya Niat jahatnya bener2 sudah direncanakan JokowiLuhutBiangkerok  JokowiLuhutBiangkerok;
272,Presiden  mengimbau pemudik mobil di Pelabuhan Merak untuk memesan tiket lebih awal secara online Simak panduannya di Infografis CNNIndonesia    ;
273,Bukti bahwa rakyat menginginkan   untuk menjadi Presiden 2024 melanjutkan   untuk Indonesia Maju  SMRC capres2024 surveipilpres2024 ganjarkita ganjaranapp Idul Fitri ganjarpranowo elektabilitascapres2024 pemilu2024  ganjar Kopassus MotoGP  ;
274,Partai Pro Jokowi Tolak APBN Jadi Jaminan Bunga Utang Proyek Kereta Cepat JakartaBandung  ;
275,Selain disambut meriah warga Indonesia di Hannover Jerman pada acara pembukaan pameran industri Presiden  juga disambut oleh  yang memprotes pengembangaan tambang emas di Intan Jaya Papua  ;
277,Menteri BUMN  mengatakan bahwa baginya sosok Presiden  bukan hanya sekadar Presiden tetapi juga sebagai guru kehidupan  BangkitBersamaET  ;
278,Itu bukan teman tarzan JokowiLuhutBiangkerok  JokowiLuhutBiangkerok;
279,Ya wajar Jokowi kan produk gagalnya pdip  masak digandeng trus dipuja seperti yg dilakukan prabowo;
280,Bersama Pak Jokowi Pak Menko EKUIN Menteri Perindustrian Ketua KADIN dll di Hannover Jerman pagi ini  ;
281,G bisa baca atau g paham ya bong Gurunya ngomong jokowi hebat bahasa inggris hebat nya kok bahasa inggrisnya logat jawa Plis inpes tu mai kantri;
282,Puan udah mentokjadi menteri udahketua DPR udahfoto ama jokowi seringtetapi elektabilitasi gak adapuan harus legowo  ;
283,Wkwkwk rupanya ada beda antara pidato dengan transkripsinya Suara Jokowi waktu nyebut tahun di video Setkab tetiba kresekkresek kayak hilang sinyal ;
284,Uangnya kemana itu pak  dan p  itu uang negara Kementerian dalam negeri kementerian keuangan komen pak   ternyata korupsi makin liar  pengawasan null bimaeffect;
285,Ini berita thn 2022 tp ga tau juga sih nasib umat KRISTIANI di daerah Maja apkh skrng sdh punya rumah ibadah atau gmn Colek pemerhati konstitusi           ;
286,Was ist man noch fÃ¼r Scholz nur noch Abschaum BÃ¤rbock kÃ¼mmert  sich nur um andere LÃ¤nder statt um uns Dann sollte sie mal auf   Oder wird Deutschland das neue KZ;
287,Pertanyaannya  Sudah Tepat kah Pengelolaan Manajemen Keuangan Negara selama ini  Apalagi ditemukan Kjahatan TPPU 349 Triliun dr 2009 sd kini  Artinya di 2 Rezim yg berbeda Tp Menkeu nya sama  Sampai dsini Paham ya       ;
288,Kayaknya doktrin ente dkk cuma satu asal bukan jokowi So misal nanti Anies ternyata merapat ke jokowi Bakalan ente bully juga;
289,KSP  sangat mendukung langkah presiden  cegah Indonesia krisis pangan   MoeldokoPenjagaNKRI MoeldokoBapakSorgumIndonesia  ;
290,Kebanyakan gayakerja hanya membangkrutkan negara;
291,Ganjar dinilai cocok melanjutkan keberhasilan Jokowi  Kuliah å¥³æ€§åº—å“¡ ä¸¸äº€è£½éºº YG Entertainment ãƒªãƒˆãƒ«ãƒŠã‚¤ãƒˆãƒ¡ã‚¢ ã‚‚ã£ãã‚“å¤§ä¸ˆå¤« Idul Fitri ãƒã‚­ã‚·ä¸ˆ ã‚‚ã£ãã‚“å¿ƒé… å°æ¹¾ãƒ‘ã‚¤ãƒ³ Bu Tejo ã‚ªãƒ¼ã‚­ãƒ‰ ãƒ­ãƒ³ã‚°ã‚¹ã‚«ãƒ¼ãƒˆ jeketiselcaday ã‚«ãƒŒãƒ¬ãƒƒãƒˆ æ¤œæŸ»å…¥é™¢ ç±³æ´¥ã•ã‚“ã®ã‚°ãƒƒã‚º Astor  ;
293,PDIP hrs di reformasi Ki partai penguasa tp sll melawan arus kebijakan pemerintah klo g pake UU landasan hukumnya apa maklum sdh sepuh2 pemikiran feodalmgkn blm kenyang menikmati kue2 pmbangunansdh jauh melenceng dr cita2 Bung Karno atw Pak Jokowi geser ke PSI sj;
295,Sabar sabar  Bentar lg juga bakal pakr materai ;
296,Kalau saya baca sikap   jls dukung pelarangan sholat di lapangan amp mengganti dg sholat di masjid Beda hari amp lokasi sholat ied dr dulu sdh ada amp ga jd masalah Baru di era jokowi ampyaqut ada pelarangan direstui Kualitas dmokrasi amptoleransi anjlok ;
297,Gak capek bohongi Rakyat Mulu  JokowiLuhutBiangkerok  JokowiLuhutBiangkerok;
298,Menko Airlangga Mendampingi presiden di Jerman       ;
300,THR nya dong Pak Presiden ku;
301,Emang jokowi hebanya apa bang selain nambah utangan;
302,1 Pndapatan SDA NKRI yg Luar Biasa 2 Pngelolaan yg Ga Tepat tp di Glorifikasi seolah Profesional 3 Posisi  sang Ptugas Partai  dsb  Kasus TPPU 349triliun telah buka mata bangsa ini  Pngelolaan Keuangan Negara yg Tepat akan brdaya guna bg Rakyat;
303,Siapa elu  KPU ;
304,Berkat Presiden Jokowi Indonesia menjadi negara ASEAN pertama yang menjadi mitra di Hannover Messe  erickthohir jokowi bumn RoemahKemenanganET rokET erickthohirbukanmaen bumnuntukindonesia bumnhadiruntuknegeri erickthohirsolusirakyat indoviral IndonesiaMaju  ;
305,Jalan di Lampung Rusak Nggak Karuan Rocky Singgung Jokowi Sibuk Bangun Tol Jalan Kecil Nggak Dibangun  ;
306,Ente gak paham peta politik deh kayaknya Mereka curut2 itu sekarang gak dukung prabowo tapi mendukung musuh jokowi Kebetulan prabowo sekarang di kubu jokowi dan anis lawannya jadi bisa ditebak;
307,Nang indo gaknok udara seger wisan yo pak;
308,Kalau sampai bebas vonis atau hukuman ringan aneh bin ajaib hukum di Indonesia  ;
309,Investasi IKN ;
310,Mantan PREMAN duitnya Banyak   Maksudnya biar ngeles itu bukan duit NGEMBAT waktu jd Pejabat ;
311,Mantap gan;
