tweet;label
Rezim Jokowi Rezim Korup;2
Jawab aja yg pasti pengganti jokowi ijasahnya Asli dan ngga BAHLUL kayak Ente dan jokowi ;2
Partai Porak Poranda Sok Baik  Sok Pandai Mereka Sendiri Yang Dukung Jokowi Ngutang;2
Wkwkwk ini nih gara gata kebanyakan baca tweetsnya  sama  wkwkwk;0
mulai pukul 1630 WIB  Streaming    KBR Radio KBRPrime Podcast PodcastIndonesia TangkalHoax Hoax Jokowi CristianoRonaldo FIFA23 Kaesang Berita BeritaTerkini infoupdate;2
Setidaknya ada payung hukum buat menyita kekayaan hasil korupsi kembali ke negaraRUU diajukan oleh presiden dan kita hanya pendukung  bkn  masa jabatan beliau berakhir 2024 jika RUU gak disahkan sebelum 2024 bakal lenyap bareng PDIP;2
Indikasinya paling kuat ada di rezim Jokowiyg anda tangani Ujung ujungnya rezim ini tidak mau utk dikoreksi menjadikan hukum semata mata adlh alat utk mengamankan vested interest golongannya amp juga utk bungkam suara rakyat  Makanya rezim ini amp anteknya harus diganti total  ;2
pokoknya yakin banget sama Pak Ganjar ini;1
sosok pemimpin yg terus memperhatikan kesejahteraan rakyat nya Pak Ganjar Pranowo RI 1;1
mun teu ngawadul moal jadi pleciden atuh Nok;0
3 Topik Teratas Periksa Fakta MAFINDO Periode 6  12 April 2023   Dengarkan di    SALAHvsFAKTA LawanHoax CekFaktanya FactCheck DigitalLiteracy TurnBackHoax     Cristiano Ronaldo Bela Jokowi MatiMatian di Hadapan FIFA   ;1
ini bukti rakyat Indonesia menginginkan Pak Ganjar untuk menjadi Presiden RI;1
Satu komando jokowi;0
pak gimana utang dari China  katanya bunganya besar ya gak usah bayar aja kite  pasang  badan aja berani gak mereka;2
Andai bapak menjabat sepuluh tahun lagi ajaduh senangnya Saya tak bermaksud menjerumuskan tapi berharap kebaikan yang lebih bila bapak masih diberi kesempatan Sekedar mengingat dua periode bapak dua kali pula saya pilih bapak Karena haqqulyakin bapak orang baik;1
bukti bahwa kinerja Pak Ganjar ini selalu bekerja nyata semangat terus Pak Ganjar;1
Dah lah semisal ada wacana RIS jilid 2 tak selayaknya langsung ditampik;2
sejauh ini di era modern tidak ada kepala negara lain selain jokowi yg memperoleh perlakuan seperti bintang pop;0
semakin yakin deh dengan kepemimpinan Pak Ganjar ini;1
Tegal Lurus Bersama Rezim Korup;2
dengan elektabilitas seperti ini memang Pak Ganjar ini sudah layak untuk memimpin Indonesia;1
Bagaimanapun juga Pak ganjar pranowo pilihanku;1
Presiden Joko Widodo lakukan kegiatan jalan pagi dan menyapa masyarakat Indonesia yang berada di sekitar hotel tempatnya bermalam di Hannover Jerman pada Minggu 1642023 lt Nasional Jokowi   ;0
army go back memories 2013 era Trending apaan isinya orang jualan  sama iklan pak jokowi pak ganjar semua;0
Tegal Lurus Bersama Jokowi Dukung Rezim Korup;2
Gubernur hibah dr Jokowi makin arogan;2
luar biasa elektabilitas Pak Ganjar ini selalu tertinggi ini bukti bahwa kinerja beliau ini memang luar biasa;1
Catatan apa itu pak;0
Bersih kok hanya keluarga;0
Dogma kacung manusia Gurun agama biadab                   ;2
Sangat mudah memastikan itu inflownya dari mana Pertambahan nilai ekonomi identik peningkatan pendapatan kena pajak  ;0
Beepengalanan tapi koq ngga becus ya waktu jadi Menteri Pendidikanngitung dana tunjangan guru pun sampe kelebihan 23 TRILIUN Untung ketahyan sama Ibu Sri Mulyani selaku Menkeumakanya DI PECAT Jokowi;2
Aku yakin si Pak ganjar pranowo akan selalu meningkatkan elektabilitas;1
Berani Tampil Berani  BintangBintang id   via      Indonesia;1
Sebaiknya Gubernur seperti ini dipecat saja Pak  nanti bisa menular ke kepala daerah yang lain seenaknya mengintimidasi rakyat kecil karna dikritik gak becus kerja;2
Dan SELALU GAGAL jd CALEG  Ini semua salah  pokoknya   Wong edan kowe Ndi;2
Thats the reason I am telling him how to get respect   ;2
Sehat selalu amp ada di Jalan Nya;1
Lanjuuut  Harus ada alasannya  Pasti  punya alasan kuat waktu terima laporannya      ;1
Perlu volume TOA suci ga                   ;2
Klop kan RI 1  No 1 the Voice of Germany 2019 Claudia Emmanuela;1
Pak ganjar pranowo itu sangat layak untuk di dukung;1
YANG KORUPSI PEMERINTAH DAERAHNYA PERCUMA PAK JOKOWI MAU BENERIN SEMUA DAERAH TAPI PEMERINTAH DAERAH KEK LAMPUNG Ya gak bakalan selesai;2
Lol bagaimana yang buat meme pak Jokowi dan sebutkan sudah berapa banyak yang dipenjara gara2 bikin meme pak Jokowi;2
Indonesia bukan kacung manusia gurun                   ;2
Komentarnya antitesa semua;0
Langkas cerdas pak  untuk menekan kaum Oligarki Batubara untuk mendukung Capres pilihan beliau   ;2
Dogma kacung manusia Gurun agama biadab                   ;2
REZIM JOKOWI ADALAH SUNGGUH SUNGGUH REZIM PENGKHIANAT AMANAT BANGSA DAN NEGARA RI    ;2
Pantas aja banyak begal asal Lampung;2
Coba tanyakan   Berapa maksimal kredit lising mereka   Dan kredit KUR MEREKA  PASTI LEBIH PANJANG DARI NEGARA KONOHA    ;2
bikin malu ;2
Herannya kok bisa ya preman jadi gubernur Kalau sampah jadi gubernur memang ada;2
Hashim Cerita Prabowo Yakinkan Megawati Calonkan Jokowi di Pilgub DKI 2012  detikNews   PrabowoUnggul BangkitBersama;0
Presiden Jokowi Gelar Pertemuan Bilateral dengan Kanselir Jerman    ;0
Udahlahkau sendiri juga bukan orang yg netral;2
Tahun depan pak jokowi for sure ;1
Jokowi Sibuk  Cari utangan  pake jaminan APBN Mega proyek bloon kcjb Cari investor obral IKN  Gerus APBN untuk kesejahteraan dialihkan modal bangun IKN Proyek proyek infrastruktur gak karuan  amp  Hedon gila pencitraan gemar ambur ambur duit rakyattkg ngibul  King Firaun  ;2
Pak ganjar pranowo selalu no 1 pokoknya;1
Bisa juga Pihak Pemerintah China sudah sadar jika rezim jokowi sudah tdk bisa diharapkan lagi dan sudah saatnya berakhir Karena itulah pihak penguasa china meminta jaminan agar kepentingan mereka terus berlanjut meski sudah berganti rezim Siapa yg diuntungkan dan dirugikan  ;2
pak ditunggu ulasannya;1
Bahlil Sebut Investor Percaya untuk Investasi di Indonesia tapi Bertanya Siapa Pengganti Jokowi   Bahlil;1
Bukan garagara utang piutang tapi karena Sandiaga kan bagian dari rezim Jokowi sedangkan yang akan di tawarkan Anies Baswedan adalah perubahan   masa pakai orangnya Jokowi  Kayak gak ada orang lain aja    ;-
Atlet yang kita punya saat ini adalah mereka yang meraih medali di PON kemarin dan mereka masih memiliki potensi untuk meraih medali  ;1
Jokowi Tegaskan RI Ingin Menjadi Pemain Besar Mobil Listrik di Hadapan Pengusaha Dunia  ;1
Kanselir jerman nya yang ini pak  ;-
Intinya ya seremeh itu sih korupsi di wakanda seolah hukum ditelanjangin klimaks komedi Untung saja gak ada budaya harakiri di sini Ngomong ngomong udah pada ngopi lumz yang mulia kanjeng    Asudahlah  Dude help us  ;2
laskar hanya bisa melihat meng sedih bieb rakyat susah apa2 mahal sekarang mah bieb jelang lebaran Mereka malah enggak punya empati sama kita sedihnya ke ubun2 bieb;2
Herannya kenapa justru  yang konsisten mendukung setiap langkah yg diambil Pak  terutama soal upaya pemberantasan korupsi amp intoleransi dan benar2 kritis trhdp hal itu Andai sj Pak Jkw adalah kader PSI Sayangnya PSI lahir pasca pemilu 2014  Harus PDIP demikian jg;2
Ouwooooooo ngeriiiii dunk itu senjata nya jgn buat nembak aku gw saya bukan komunis juga  bukan terorissssss saya mah ngga ikut2an keles  Bytheway PampresPass ealahhhh PaspamPress maksudnya hebat lah;2
Mayoritas NKRI Muslim toleran yang tidak keberatan Timnas Israel U 20 datang apalagi itu program Jokowi yang juga Muslim  Kenapa harus rangkul segelintir radikalis yang menolak Timnas Israel U 20 lagi    Seharusnya kita bersama sama keroyok radikalis bukan dijilat lagi;2
Ini maksud  nyaklo pk jokowi  gk masuk kader pdip  gk jdi pejabatsbnarnya  kita sama 2 butuhbutuh partai butuh figur;1
BenarÂ² demokratis era jokowi kritik kok diproses hukum ;1
Meni ku Hobbi Kana ngawadul Tah nya;0
Aku selalu dukung Pak ganjar pranowo;1
beliau kepala negara sebuah negara Sopan sedikit bisa Atau ortu dan guru anda tidak pernah mengajari anda apa kesopanan akhlak dan menghormati orang lain;1
Anjaykelilingannya kudu pakai helicopter apa tank amfibi yah kalau ke Lampung ;2
Klo kang survey itu ga bohongmestinya jokowi senang dan tak perlu tunda pemilutak perlu buzzerp serang aniestak perlu muldoko semangat utk begal demokrat yg capreskn aniestak perlu kpk mencari2 celah pidana utk anies di formula E yg jelas tak ada korupsifaktanya ;2
Terus sisa yg dianggarkan kemana Di rampok;2
Mbah   Kalo orang normal spt Pak  pasti punya malu khawatir juga galau  Kalo orang dah kehilangan itu semua ya repot sampai punya nadzarpun nggak dirasa;2
KONI Papua saat ini memiliki sekitar 144 atlet  bahkan 45 diantaranya saat ini sedang digembleng dlm pemusatan latihan nasional untuk Sea Games Kamboja 2023  ;1
UU Desa lahir sejalan dengan visi dan misi Presiden Jokowi dan Maaruf Amin yaitu membangun di mulai dari pinggiran Karena pinggiran identik dengan pedesaan maka wajar bila desa kini mempunyai payung hukum untuk ikut membangun Bangsa dan negara ini;0
Proyek yang akan dilanjutkan setelah pak jokowi lengser adalah BUZZERP Karena sangat ampuh sebagia polarisator dan murah biaya Karena kalau gak murah gak mungkin akunnya banyak dan klonengan Wkwkwkwkwk;2
Giliran ada nasrani bikin konten pakai kerudung langsung pada komen log in login login Awowkwkw labil sekali;2
apakah mereka ini bukan orang jokowi apakah mereka berada diatas jokowi kepada siapa mereka berpihak;2
Sudah banyak orang tua isteri2 dan anak2 yang kehilangan orang tercintanya dibunuh kelompok separatis teroris Papua Pemerintah harus tegas bersihkan Papua dari teroris      ;1
Noh dengerin Jok ;2
Kalau 2 tahun belum bayar pajak kendaraan maka jadi kendaraan ilegal Ini apa negara sudah sedemikian rupa menyiksa rakyatnya dalam kondisi serba sulit ini apakah belum cukup di negara ini memukul rata kepada rakyatnya yang lagi sengsara Pak presiden Jokowi bisakah lebih arif;2
Menelisik Pernyataan Jokowi dan Menterinya Tahun 2016 Kompak Bilang Kereta Cepat tidak Memakai APBN  NGIBUULLL   KCJB  aniespresiden2024  mositidakpercaya  kpkmundur  bubarkandpr 349T  ;2
Wes lumayan ditambali kerikil  wkwk Pak pusat   piye iki pak pusat   ;2
Gak pernah menangis lihat mereka saat lagu kebangsaan berkumandang  anies ahy paloh mardani ali rizieq smith rocki didu rijal lamli refli harun fadli zon amin rais eggi somad sugik dan lainnya pembenci jokowi;2
Jokowi Bujuk Investor Jerman Tanam Modal ke Baterai EV RI  ;1
President Joko Jokowi Widodo has commuted the sentence of drug trafficking convict Merri Utami from the death penalty to life in prison the convicts lawyers have said to the relief of activists who have long been supporting her plea jakpost  ;0
erickthohir dan bapak Presiden jokowi bersama rombongan akan bertolak menuju Hannover messe 2023mohon doa untuk kelancaran  delegasi Indonesia   indonesiamaju bangkitbersamaet kerjanyata jokowidodo  hannovermesse  olafscholz negaraasean  ;1
Gua di tuduh WAHABI gara gara posting ginian padahal gua pengguna apedah pejalan kaki juga Masa nyambung nya arah keyakinan Buzzeer buzzeer Jokowi udah pada sakit jiwa  ;2
Presiden Jokowi Indonesia Menjadi Negara Asean Pertama Menjadi Mitra Di Hannover Messe Hannover IndonesiaMaju ErickThohir BangkitBersamaET  ;1
Pak  yth  20 tahun reformasi keberagaman makin memburuk  Ormas anti keberagaman masif menyebarkan ideologinya ke akar rumput  Otda membuat kepala daerah sangat berkuasa sehingga seolah bisa melakukan apa saja  Mungkin desentralisasi memang tak cocok utk negara berkembang;1
KONI Papua akan membuktikan di PON XXI bahwa mereka bisa mempertahankan apa yang sudah mereka raih pada PON XX Papua 2021  ;1
Dosa besar JOKOWILUHUT memilih pucuk pimpinan militer krn kedekatan bukan kemampuan;2
ada yg berbisik bahwa  trah pajang joko tingkir Europa di lawan USA di hadepinapalagi cuman kadrun libas  ;0
Sambutan Presiden Jokowi pada Pembukaan Hannover Messe 2023 Making Indonesia 40 Ekonomi Hijau Hannover 17 April 2023  ğ—ğ—¼ğ—¸ğ—¼ğ˜„ğ—¶ ğ—šğ—®ğ˜€ ğ—£ğ—¼ğ—¹ ğ—œğ—»ğ˜ƒğ—²ğ˜€ğ˜ğ—®ğ˜€ğ—¶  ;1
Nasib punya presiden macam ;2
Dimana marwah pasukan elit kopassus Hanya di era JokowiLuhut  TNI ga berdaya;2
Dosa jokowiluhut rezim anti kritik;2
Semoga agenda lancar;0
Dosa Besar JokowiLuhut;2
Iya Iya ;0
Ngga hanya nonmuslom yg muslim pun kena juga ya karena beda paham ;2
Bohong lagi bohong lagi;2
